date, pm25, pm10, no2
2022/1/3, 22, 13, 17
2022/1/4, 27, 11, 18
2022/1/5, 22, 21, 31
2022/1/6, 49, 13, 25
2022/1/7, 25, 11, 16
2022/1/8, 27, 12, 23
2022/1/9, 25, 27, 41
2022/1/10, 55, 22, 20
2022/1/11, 54, 25, 31
2022/1/12, 56, 39, 28
2022/1/13, 73, 53, 32
2022/1/14, 102, 50, 
2022/1/15, 100, 35, 
2022/1/16, 75, 25, 
2022/1/17, 54, 43, 20
2022/1/18, 83, 31, 13
2022/1/19, 62, 20, 6
2022/1/20, 41, , 
2021/10/1, 21, 14, 26
2021/10/2, 27, 9, 25
2021/10/3, 17, 12, 20
2021/10/4, 21, 11, 24
2021/10/5, 21, 10, 17
2021/10/6, 20, 18, 27
2021/10/7, 38, 18, 20
2021/10/8, 41, 34, 31
2021/10/9, 79, 37, 15
2021/10/10, 89, 15, 14
2021/10/11, 35, 19, 19
2021/10/12, 42, 14, 26
2021/10/13, 33, 19, 26
2021/10/14, 48, 18, 28
2021/10/15, 41, 26, 33
2021/10/16, 56, 24, 27
2021/10/17, 57, 21, 26
2021/10/18, 53, 18, 18
2021/10/19, 44, 23, 24
2021/10/20, 51, 12, 14
2021/10/21, 26, 14, 23
2021/10/22, 31, 13, 30
2021/10/23, 31, 14, 24
2021/10/24, 31, 17, 28
2021/10/25, 34, 15, 30
2021/10/26, 31, 14, 25
2021/10/27, 26, 16, 29
2021/10/28, 34, 19, 29
2021/10/29, 43, 16, 27
2021/10/30, 34, 14, 16
2021/10/31, 29, 13, 28
2021/11/1, 21, 17, 34
2021/11/2, 39, 23, 25
2021/11/3, 57, 11, 10
2021/11/4, 26, 19, 35
2021/11/5, 51, 27, 21
2021/11/6, 68, 13, 14
2021/11/7, 29, 21, 35
2021/11/8, 47, 20, 33
2021/11/9, 43, 13, 33
2021/11/10, 35, 17, 36
2021/11/11, 47, 19, 29
2021/11/12, 46, 11, 10
2021/11/13, 26, 10, 18
2021/11/14, 31, 18, 32
2021/11/15, 49, 23, 39
2021/11/16, 59, 21, 30
2021/11/17, 55, 22, 34
2021/11/18, 46, 15, 26
2021/11/19, 38, 17, 22
2021/11/20, 48, 11, 12
2021/11/21, 31, 10, 21
2021/11/22, 23, 21, 38
2021/11/23, 52, 32, 40
2021/11/24, 80, 27, 19
2021/11/25, 70, 20, 21
2021/11/26, 57, 15, 5
2021/11/27, 49, 13, 8
2021/11/28, 46, 23, 38
2021/11/29, 62, 42, 27
2021/11/30, 99, 53, 10
2021/12/1, 144, 14, 18
2021/12/2, 42, 23, 40
2021/12/3, 62, 30, 21
2021/12/4, 84, 23, 5
2021/12/5, 70, 57, 33
2021/12/6, 150, 54, 34
2021/12/7, 150, 48, 25
2021/12/8, 129, 24, 37
2021/12/9, 31, 16, 11
2021/12/10, 23, 15, 39
2021/12/11, 32, 15, 23
2021/12/12, 36, 14, 27
2021/12/13, 25, 18, 31
2021/12/14, 35, 19, 31
2021/12/15, 39, 18, 25
2021/12/16, 42, 19, 34
2021/12/17, 51, 18, 26
2021/12/18, 50, 14, 24
2021/12/19, 47, 12, 33
2021/12/20, 27, 20, 35
2021/12/21, 43, 28, 42
2021/12/22, 63, 30, 28
2021/12/23, 72, 19, 28
2021/12/24, 49, 12, 9
2021/12/25, 36, 21, 27
2021/12/26, 61, 17, 22
2021/12/27, 49, , 
2021/12/29, 17, 10, 16
2021/12/30, 22, 11, 17
2021/12/31, 25, 17, 12
2022/1/1, 39, 14, 19
2022/1/2, 29, 12, 24
2021/8/1, 28, 10, 20
2021/8/2, 23, 14, 27
2021/8/3, 32, 16, 26
2021/8/4, 42, 16, 31
2021/8/5, 41, 12, 25
2021/8/6, 25, 11, 20
2021/8/8, 23, 11, 15
2021/8/9, 23, 12, 19
2021/8/10, 30, 13, 18
2021/8/11, 31, 13, 23
2021/8/12, 32, 15, 19
2021/8/13, 32, 17, 18
2021/8/14, 36, 13, 18
2021/8/15, 30, 13, 14
2021/8/16, 33, 14, 9
2021/8/17, 32, 10, 16
2021/8/18, 28, 13, 14
2021/8/19, 33, 11, 18
2021/8/20, 24, 13, 19
2021/8/21, 31, 13, 21
2021/8/22, 35, 11, 8
2021/8/23, 31, 14, 15
2021/8/24, 28, 11, 19
2021/8/25, 22, 11, 16
2021/8/26, 23, 13, 14
2021/8/27, 23, 15, 16
2021/8/28, 27, 14, 15
2021/8/29, 32, 10, 16
2021/8/30, 19, 11, 10
2021/8/31, 19, 14, 15
2021/9/1, 27, 19, 18
2021/9/2, 40, 22, 18
2021/9/3, 47, 27, 23
2021/9/4, 57, 28, 19
2021/9/5, 60, 39, 19
2021/9/6, 79, 51, 48
2021/9/7, 101, 52, 49
2021/9/8, 105, , 45
2021/9/9, 77, 12, 24
2021/9/10, 30, 14, 27
2021/9/11, 35, 13, 19
2021/9/12, 34, 14, 20
2021/9/13, 32, 18, 20
2021/9/14, 47, 18, 25
2021/9/15, 53, 24, 19
2021/9/16, 61, 18, 28
2021/9/17, 48, 26, 29
2021/9/18, 63, 35, 28
2021/9/19, 82, 17, 21
2021/9/20, 48, 20, 16
2021/9/21, 54, 21, 27
2021/9/22, 55, 18, 31
2021/9/23, 44, 18, 26
2021/9/24, 42, 18, 28
2021/9/25, 47, 24, 24
2021/9/26, 63, 15, 23
2021/9/27, 38, 14, 23
2021/9/28, 23, 11, 28
2021/9/29, 19, 13, 15
2021/9/30, 24, 11, 29
2021/4/1, 81, 17, 18
2021/4/2, 34, 16, 18
2021/4/3, 31, 20, 18
2021/4/4, 41, 20, 10
2021/4/5, 50, 10, 11
2021/4/6, 24, 10, 18
2021/4/7, 25, , 27
2021/4/12, 33, 21, 29
2021/4/13, 52, 23, 24
2021/4/14, 56, 16, 22
2021/4/15, 33, 19, 23
2021/4/16, 37, 17, 19
2021/4/17, 38, 15, 22
2021/4/18, 34, 26, 31
2021/4/19, 57, 37, 34
2021/4/20, 76, 49, 27
2021/4/21, 125, 17, 18
2021/4/22, 55, 14, 23
2021/4/23, 44, 18, 19
2021/4/24, 51, 18, 11
2021/4/25, 42, 15, 17
2021/4/26, 31, 22, 27
2021/4/27, 47, 33, 24
2021/4/28, 71, 20, 15
2021/4/29, 49, 17, 24
2021/4/30, 45, 22, 17
2021/5/1, 54, , 
2021/5/3, 45, 15, 11
2021/5/4, 33, 8, 14
2021/5/5, 15, 9, 13
2021/5/6, 20, 9, 15
2021/5/7, 20, 11, 11
2021/5/8, 27, 11, 13
2021/5/9, 20, 11, 19
2021/5/10, 22, 14, 22
2021/5/11, 21, 12, 20
2021/5/12, 27, 10, 22
2021/5/13, 36, 11, 17
2021/5/14, 38, 10, 18
2021/5/15, 38, 7, 16
2021/5/16, 26, 8, 16
2021/5/17, 26, 8, 20
2021/5/18, 28, 13, 12
2021/5/19, 22, 29, 19
2021/5/20, 21, 18, 16
2021/5/21, 33, 10, 12
2021/5/22, 26, 11, 14
2021/5/23, 27, 10, 19
2021/5/24, 23, 10, 15
2021/5/25, 26, 12, 10
2021/5/26, 32, 15, 18
2021/5/27, 43, 22, 28
2021/5/28, 59, 23, 18
2021/5/29, 59, 19, 11
2021/5/30, 55, 23, 13
2021/5/31, 60, 24, 19
2021/6/1, 59, 25, 22
2021/6/2, 58, 31, 20
2021/6/3, 75, 21, 12
2021/6/4, 59, 20, 11
2021/6/5, 58, 18, 13
2021/6/6, 53, 21, 19
2021/6/7, 61, 20, 20
2021/6/8, 56, 16, 17
2021/6/9, 46, 20, 14
2021/6/10, 60, 21, 10
2021/6/11, 63, 26, 6
2021/6/12, 77, 20, 15
2021/6/13, 58, 23, 13
2021/6/14, 60, 20, 22
2021/6/15, 48, 19, 30
2021/6/16, 41, 21, 15
2021/6/17, 55, 18, 13
2021/6/18, 57, 17, 12
2021/6/19, 56, 17, 12
2021/6/20, 47, 14, 15
2021/6/21, 37, 14, 15
2021/6/22, 30, 9, 19
2021/6/23, 5, , 18
2021/6/24, 34, , 14
2021/6/25, 42, , 15
2021/6/26, 41, , 16
2021/6/27, 56, , 18
2021/6/28, 62, , 13
2021/1/4, 27, 8, 12
2021/1/5, 15, 9, 16
2021/1/6, 24, 16, 20
2021/1/7, 49, 25, 21
2021/1/8, 71, 21, 22
2021/1/9, 64, 22, 17
2021/1/10, 67, 17, 20
2021/1/11, 55, 7, 16
2021/1/12, 19, 15, 24
2021/1/13, 45, 11, 22
2021/1/14, 37, 14, 23
2021/1/15, 44, 17, 20
2021/1/16, 48, 12, 12
2021/1/17, 34, 17, 24
2021/1/18, 41, 11, 16
2021/1/19, 26, 9, 15
2021/1/20, 27, 11, 18
2021/1/21, 26, 18, 22
2021/1/22, 34, 15, 16
2021/1/23, 42, 15, 20
2021/1/24, 49, 12, 20
2021/1/25, 42, 16, 26
2021/1/26, 47, 13, 22
2021/1/27, 43, 12, 17
2021/1/28, 39, 11, 16
2021/1/29, 28, 12, 10
2021/1/30, 28, 14, 11
2021/1/31, 38, 17, 15
2021/2/1, 54, 18, 20
2021/2/2, 50, 18, 22
2021/2/3, 37, 17, 23
2021/2/4, 36, 13, 23
2021/2/5, 29, 14, 16
2021/2/6, 38, 14, 6
2021/2/7, 43, 10, 14
2021/2/8, 29, 11, 16
2021/2/9, 31, 13, 18
2021/2/10, 25, 20, 17
2021/2/11, 43, 27, 13
2021/2/12, 61, 23, 11
2021/2/13, 54, 22, 12
2021/2/14, 47, 19, 25
2021/2/15, 50, 15, 19
2021/2/16, 39, 17, 15
2021/2/17, 36, 14, 17
2021/2/18, 31, 16, 20
2021/2/19, 24, 28, 16
2021/2/20, 46, 28, 18
2021/2/21, 51, 32, 25
2021/2/22, 60, 29, 19
2021/2/23, 66, 23, 19
2021/2/24, 38, 19, 18
2021/2/25, 35, 19, 21
2021/2/26, 41, 24, 25
2021/2/27, 57, 28, 16
2021/2/28, 69, 26, 16
2021/3/1, 68, 39, 19
2021/3/2, 94, 49, 24
2021/3/3, 116, 34, 19
2021/3/4, 87, 14, 21
2021/3/5, 32, 14, 22
2021/3/6, 28, 16, 18
2021/3/7, 45, 33, 29
2021/3/8, 81, 30, 23
2021/3/9, 69, 21, 20
2021/3/10, 55, 14, 15
2021/3/11, 34, 14, 20
2021/3/12, 23, 10, 10
2021/3/13, 17, 10, 8
2021/3/14, 19, 11, 11
2021/3/15, 26, 15, 13
2021/3/16, 36, 18, 13
2021/3/17, 38, 18, 13
2021/3/18, 40, 13, 17
2021/3/19, 29, 13, 12
2021/3/20, 34, 13, 13
2021/3/21, 36, 19, 19
2021/3/22, 48, 25, 25
2021/3/23, 61, 29, 26
2021/3/24, 65, 19, 23
2021/3/25, 45, 13, 20
2021/3/26, 27, 12, 14
2021/3/27, 23, 16, 11
2021/3/28, 28, 18, 23
2021/3/29, 33, 25, 41
2021/3/30, 53, 43, 50
2021/3/31, 80, 42, 21
2020/10/1, 19, 10, 15
2020/10/2, 22, 10, 18
2020/10/3, 30, 6, 17
2020/10/4, 16, 11, 20
2020/10/5, 28, 10, 16
2020/10/6, 21, 10, 20
2020/10/7, 23, 11, 13
2020/10/8, 23, 12, 19
2020/10/9, 30, , 
2020/10/12, 35, 10, 11
2020/10/13, 26, 12, 15
2020/10/14, 30, 11, 14
2020/10/15, 20, 10, 19
2020/10/16, 21, 11, 13
2020/10/17, 22, 14, 15
2020/10/18, 41, 19, 18
2020/10/19, 53, 17, 15
2020/10/20, 36, 17, 18
2020/10/21, 36, 11, 18
2020/10/22, 22, 14, 20
2020/10/23, 26, 11, 11
2020/10/24, 19, 9, 13
2020/10/25, 18, 12, 17
2020/10/26, 24, 13, 18
2020/10/27, 26, 14, 17
2020/10/28, 22, 11, 16
2020/10/29, 19, 10, 17
2020/10/30, 17, 11, 13
2020/10/31, 23, 16, 10
2020/11/1, 30, 12, 13
2020/11/2, 18, 13, 17
2020/11/3, 22, 16, 20
2020/11/4, 37, 37, 24
2020/11/5, 82, 61, 20
2020/11/6, 150, 34, 16
2020/11/7, 76, 44, 12
2020/11/8, 99, 22, 17
2020/11/9, 59, 15, 18
2020/11/10, 42, 15, 15
2020/11/11, 36, 13, 19
2020/11/12, 28, 16, 20
2020/11/13, 32, 15, 12
2020/11/14, 38, 11, 7
2020/11/15, 29, 11, 16
2020/11/16, 26, 14, 16
2020/11/17, 32, 17, 14
2020/11/18, 42, 15, 13
2020/11/19, 33, 14, 23
2020/11/20, 41, 11, 11
2020/11/21, 31, 9, 12
2020/11/22, 25, 19, 24
2020/11/23, 51, 16, 19
2020/11/24, 44, 19, 19
2020/11/25, 51, 18, 23
2020/11/26, 49, 28, 22
2020/11/27, 69, 40, 21
2020/11/28, 98, 38, 19
2020/11/29, 97, 28, 15
2020/11/30, 77, 15, 11
2020/12/1, 43, 19, 24
2020/12/2, 51, 20, 26
2020/12/3, 54, 15, 20
2020/12/4, 49, 19, 17
2020/12/5, 46, 20, 17
2020/12/6, 56, 23, 21
2020/12/7, 62, 31, 24
2020/12/8, 76, 26, 23
2020/12/9, 63, 26, 18
2020/12/10, 55, 21, 28
2020/12/11, 55, 21, 15
2020/12/12, 58, 16, 18
2020/12/13, 49, 14, 22
2020/12/14, 40, 17, 27
2020/12/15, 44, 22, 19
2020/12/16, 51, 18, 20
2020/12/17, 47, 19, 15
2020/12/18, 47, 18, 16
2020/12/19, 48, 14, 14
2020/12/20, 38, 19, 13
2020/12/21, 59, 26, 16
2020/12/22, 78, 19, 20
2020/12/23, 57, 10, 2
2020/12/24, 34, 11, 6
2020/12/25, 36, 15, 7
2020/12/26, 52, 10, 12
2020/12/27, 38, 17, 14
2020/12/28, 53, 20, 8
2020/12/29, 63, 25, 17
2020/12/30, 62, 36, 11
2020/12/31, 66, 71, 10
2021/1/1, 62, 60, 14
2021/1/2, 44, 32, 15
2021/1/3, 37, 16, 15
2020/7/1, 33, 13, 14
2020/7/2, 27, , 
2020/9/8, 27, 10, 11
2020/9/9, 25, 14, 12
2020/9/10, 32, 18, 17
2020/9/11, 40, 11, 11
2020/9/12, 25, 12, 10
2020/9/13, 27, 16, 22
2020/9/14, 38, 38, 29
2020/9/15, 78, 35, 14
2020/9/16, 71, 21, 11
2020/9/17, 42, 18, 13
2020/9/18, 30, 20, 13
2020/9/19, 34, 20, 11
2020/9/20, 38, 23, 22
2020/9/21, 47, 30, 23
2020/9/22, 64, 17, 18
2020/9/23, 43, 9, 15
2020/9/24, 21, 10, 3
2020/9/25, 22, 8, 1
2020/9/26, 15, 10, 3
2020/9/27, 19, 11, 11
2020/9/28, 27, 17, 13
2020/9/29, 38, 15, 16
2020/9/30, 35, 10, 14
2020/4/1, 33, 10, 13
2020/4/2, 25, 11, 18
2020/4/3, 27, 13, 18
2020/4/4, 41, 12, 11
2020/4/5, 37, 11, 18
2020/4/6, 27, 19, 22
2020/4/7, 44, 40, 26
2020/4/8, 100, 42, 25
2020/4/9, 108, 35, 21
2020/4/10, 88, 28, 24
2020/4/11, 75, 22, 18
2020/4/12, 65, 13, 7
2020/4/13, 27, 13, 14
2020/4/14, 26, 26, 24
2020/4/15, 62, 42, 26
2020/4/16, 102, 16, 12
2020/4/17, 35, 21, 13
2020/4/18, 53, 17, 10
2020/4/19, 40, 20, 13
2020/4/20, 37, 25, 13
2020/4/21, 44, 27, 16
2020/4/22, 57, 31, 20
2020/4/23, 71, 28, 19
2020/4/24, 71, 16, 11
2020/4/25, 48, 16, 17
2020/4/26, 49, 22, 17
2020/4/27, 61, 9, 14
2020/4/28, 30, 12, 16
2020/4/29, 29, 12, 16
2020/4/30, 28, 9, 12
2020/5/1, 23, 8, 9
2020/5/2, 20, 13, 12
2020/5/3, 35, 14, 13
2020/5/4, 39, 13, 8
2020/5/5, 27, 20, 15
2020/5/6, 46, 24, 27
2020/5/7, 60, 21, 21
2020/5/8, 59, 32, 18
2020/5/9, 86, 19, 7
2020/5/10, 48, 9, 8
2020/5/11, 21, 11, 13
2020/5/12, 28, 10, 10
2020/5/13, 21, 10, 12
2020/5/14, 22, 13, 15
2020/5/15, 34, 9, 9
2020/5/16, 29, 11, 11
2020/5/17, 32, 13, 13
2020/5/18, 27, 12, 16
2020/5/19, 28, 17, 26
2020/5/20, 41, 17, 25
2020/5/21, 42, 22, 17
2020/5/22, 39, 16, 9
2020/5/23, 27, 14, 9
2020/5/24, 34, 15, 14
2020/5/25, 39, 15, 15
2020/5/26, 38, 21, 16
2020/5/27, 41, 14, 10
2020/5/28, 32, 16, 14
2020/5/29, 31, 18, 11
2020/5/30, 44, 14, 7
2020/5/31, 34, 16, 14
2020/6/1, 35, 15, 13
2020/6/2, 37, 19, 18
2020/6/3, 44, 10, 9
2020/6/4, 23, 8, 8
2020/6/5, 18, 9, 12
2020/6/6, 22, 8, 9
2020/6/7, 27, 11, 10
2020/6/8, 29, 16, 19
2020/6/9, 36, 19, 23
2020/6/10, 48, 17, 14
2020/6/11, 45, 24, 16
2020/6/12, 72, 13, 15
2020/6/13, 37, 16, 19
2020/6/14, 47, 15, 22
2020/6/15, 40, 14, 23
2020/6/16, 33, 17, 28
2020/6/17, 44, 11, 25
2020/6/18, 33, 13, 20
2020/6/19, 31, 12, 19
2020/6/20, 29, 11, 11
2020/6/21, 26, 19, 20
2020/6/22, 39, 21, 28
2020/6/23, 47, 27, 28
2020/6/24, 59, 27, 26
2020/6/25, 60, 25, 31
2020/6/26, 65, 11, 15
2020/6/27, 25, 12, 13
2020/6/28, 25, 15, 18
2020/6/29, 27, 12, 18
2020/6/30, 26, 12, 17
2020/1/1, 96, 12, 27
2020/1/2, 32, 11, 20
2020/1/3, 32, 13, 28
2020/1/4, 33, 9, 26
2020/1/5, 26, 14, 27
2020/1/6, 31, 18, 27
2020/1/7, 38, 21, 27
2020/1/8, 41, 11, 25
2020/1/9, 27, 10, 21
2020/1/10, 31, 15, 18
2020/1/11, 27, 9, 18
2020/1/12, 22, 12, 24
2020/1/13, 26, 11, 22
2020/1/14, 25, 12, 30
2020/1/15, 29, 16, 28
2020/1/16, 38, 12, 31
2020/1/17, 29, 16, 24
2020/1/18, 38, 19, 24
2020/1/19, 43, 41, 41
2020/1/20, 83, 37, 40
2020/1/21, 87, 27, 34
2020/1/22, 76, 26, 35
2020/1/23, 67, 24, 28
2020/1/24, 60, 32, 26
2020/1/25, 66, 22, 23
2020/1/26, 50, 15, 34
2020/1/27, 38, 12, 26
2020/1/28, 25, 19, 29
2020/1/29, 37, 12, 28
2020/1/30, 31, 11, 26
2020/1/31, 29, 16, 20
2020/2/1, 35, 16, 20
2020/2/2, 33, 16, 20
2020/2/3, 32, 12, 13
2020/2/4, 28, 28, 33
2020/2/5, 60, 29, 34
2020/2/6, 68, 35, 30
2020/2/7, 81, 21, 25
2020/2/8, 42, 11, 10
2020/2/9, 28, 13, 21
2020/2/10, 33, 15, 23
2020/2/11, 31, 14, 31
2020/2/12, 34, 9, 33
2020/2/13, 28, 19, 40
2020/2/14, 40, 7, 24
2020/2/15, 21, 7, 24
2020/2/16, 23, 16, 29
2020/2/17, 32, 13, 31
2020/2/18, 32, 16, 35
2020/2/19, 40, 9, 28
2020/2/20, 27, 18, 28
2020/2/21, 35, 17, 22
2020/2/22, 42, 9, 19
2020/2/23, 29, 9, 26
2020/2/24, 26, 11, 29
2020/2/25, 28, 11, 25
2020/2/26, 26, 10, 30
2020/2/27, 29, 14, 33
2020/2/28, 35, 17, 23
2020/2/29, 39, 12, 24
2020/3/1, 27, 7, 22
2020/3/2, 22, 18, 36
2020/3/3, 43, 20, 39
2020/3/4, 48, 14, 24
2020/3/5, 48, 17, 22
2020/3/6, 43, 23, 32
2020/3/7, 52, 11, 24
2020/3/8, 28, 12, 28
2020/3/9, 28, 8, 23
2020/3/10, 22, 9, 29
2020/3/11, 23, 14, 24
2020/3/12, 27, 15, 26
2020/3/13, 33, 11, 26
2020/3/14, 28, 9, 22
2020/3/15, 27, 13, 24
2020/3/16, 35, 14, 26
2020/3/17, 33, 13, 23
2020/3/18, 31, 16, 22
2020/3/19, 47, 12, 16
2020/3/20, 26, 13, 11
2020/3/21, 29, 14, 10
2020/3/22, 37, 19, 24
2020/3/23, 51, 18, 26
2020/3/24, 52, 28, 29
2020/3/25, 75, 31, 19
2020/3/26, 84, 30, 16
2020/3/27, 80, 17, 10
2020/3/28, 44, 12, 5
2020/3/29, 27, 8, 11
2020/3/30, 16, 13, 15
2020/3/31, 32, 12, 17
2019/10/1, 37, 11, 19
2019/10/2, 29, 22, 41
2019/10/3, 56, 22, 33
2019/10/4, 46, 18, 27
2019/10/5, 48, 10, 10
2019/10/6, 30, 15, 37
2019/10/7, 40, 20, 37
2019/10/8, 41, 15, 36
2019/10/9, 34, 19, 41
2019/10/10, 40, 13, 41
2019/10/11, 33, 13, 50
2019/10/12, 39, 12, 35
2019/10/13, 31, 18, 37
2019/10/14, 43, 16, 51
2019/10/15, 39, 18, 47
2019/10/16, 41, 19, 60
2019/10/17, 46, 19, 51
2019/10/18, 42, 17, 45
2019/10/19, 40, 14, 30
2019/10/20, 43, 12, 27
2019/10/21, 29, 24, 53
2019/10/22, 58, 34, 54
2019/10/23, 80, 26, 45
2019/10/24, 70, 17, 41
2019/10/25, 35, 14, 27
2019/10/26, 35, 13, 28
2019/10/27, 38, 21, 47
2019/10/28, 54, 16, 43
2019/10/29, 42, 22, 39
2019/10/30, 55, 34, 42
2019/10/31, 85, 20, 43
2019/11/1, 58, 13, 31
2019/11/2, 29, 18, 39
2019/11/3, 44, 21, 54
2019/11/4, 48, 16, 30
2019/11/5, 50, 27, 49
2019/11/6, 67, 16, 54
2019/11/7, 39, 18, 44
2019/11/8, 51, 19, 45
2019/11/9, 52, 19, 42
2019/11/10, 53, 14, 38
2019/11/11, 37, 13, 47
2019/11/12, 33, 17, 52
2019/11/13, 41, 16, 62
2019/11/14, 50, 16, 33
2019/11/15, 49, 23, 55
2019/11/16, 65, 30, 57
2019/11/17, 86, 13, 30
2019/11/18, 39, 35, 71
2019/11/19, 82, 22, 54
2019/11/20, 52, 29, 38
2019/11/21, 80, 16, 30
2019/11/22, 41, 20, 
2019/11/23, 57, 24, 
2019/11/24, 62, 16, 
2019/11/25, 40, 15, 49
2019/11/26, 36, 10, 39
2019/11/27, 31, , 27
2019/12/4, 91, 25, 41
2019/12/5, 69, 10, 34
2019/12/6, 32, 16, 32
2019/12/7, 32, 13, 25
2019/12/8, 27, 12, 18
2019/12/9, 30, 16, 28
2019/12/10, 38, 17, 35
2019/12/11, 37, 14, 36
2019/12/12, 36, 13, 23
2019/12/13, 26, 16, 26
2019/12/14, 35, 12, 22
2019/12/15, 22, 17, 36
2019/12/16, 39, 13, 31
2019/12/17, 45, 18, 35
2019/12/18, 40, 17, 29
2019/12/19, 41, 14, 38
2019/12/20, 46, 11, 32
2019/12/21, 28, 10, 24
2019/12/22, 26, 16, 28
2019/12/23, 37, 14, 22
2019/12/24, 32, 14, 20
2019/12/25, 37, 12, 21
2019/12/26, 34, 16, 22
2019/12/27, 48, 18, 29
2019/12/28, 56, 20, 23
2019/12/29, 61, , 
2019/7/1, 22, 13, 20
2019/7/2, 32, 17, 27
2019/7/3, 41, 18, 30
2019/7/4, 42, 18, 27
2019/7/5, 47, 13, 16
2019/7/6, 31, 15, 23
2019/7/7, 38, 19, 32
2019/7/8, 38, 22, 38
2019/7/9, 48, 23, 43
2019/7/10, 57, 15, 28
2019/7/11, 40, 10, 14
2019/7/12, 27, 12, 19
2019/7/13, 38, 12, 19
2019/7/14, 33, 12, 24
2019/7/15, 28, 19, 38
2019/7/16, 45, 22, 44
2019/7/17, 53, 16, 27
2019/7/18, 39, 18, 29
2019/7/19, 43, 17, 23
2019/7/20, 29, 14, 26
2019/7/21, 33, 16, 20
2019/7/22, 41, 26, 48
2019/7/23, 55, 26, 49
2019/7/24, 60, 34, 59
2019/7/25, 67, 23, 26
2019/7/26, 51, 10, 14
2019/7/27, 31, 10, 15
2019/7/28, 25, 18, 30
2019/7/29, 38, 17, 24
2019/7/30, 39, 15, 24
2019/7/31, 35, 16, 21
2019/8/1, 44, 18, 18
2019/8/2, 45, 19, 27
2019/8/3, 46, 20, 27
2019/8/4, 49, 18, 24
2019/8/5, 41, 17, 22
2019/8/6, 37, 15, 25
2019/8/7, 33, 16, 26
2019/8/8, 38, 17, 20
2019/8/9, 38, 19, 17
2019/8/10, 37, 16, 19
2019/8/11, 35, 16, 23
2019/8/12, 40, 12, 20
2019/8/13, 28, 16, 28
2019/8/14, 41, 12, 15
2019/8/15, 29, 15, 24
2019/8/16, 37, 15, 19
2019/8/17, 29, 13, 19
2019/8/18, 27, 15, 23
2019/8/19, 35, 16, 24
2019/8/20, 36, 21, 34
2019/8/21, 50, 20, 30
2019/8/22, 46, 23, 35
2019/8/23, 54, 35, 42
2019/8/24, 83, 38, 46
2019/8/25, 97, 34, 50
2019/8/26, 85, 35, 60
2019/8/27, 84, 17, 32
2019/8/28, 44, 15, 29
2019/8/29, 36, 20, 30
2019/8/30, 42, 16, 22
2019/8/31, 37, 9, 12
2019/9/1, 22, 18, 30
2019/9/2, 36, 16, 30
2019/9/3, 31, 13, 22
2019/9/4, 28, 12, 20
2019/9/5, 27, 20, 34
2019/9/6, 41, 12, 19
2019/9/7, 29, 13, 21
2019/9/8, 32, 21, 40
2019/9/9, 51, 18, 31
2019/9/10, 46, 16, 29
2019/9/11, 35, 17, 28
2019/9/12, 40, 15, 30
2019/9/13, 38, 22, 44
2019/9/14, 48, 16, 28
2019/9/15, 46, 17, 22
2019/9/16, 49, 15, 27
2019/9/17, 38, 22, 35
2019/9/18, 42, 24, 41
2019/9/19, 49, 27, 37
2019/9/20, 54, 27, 39
2019/9/21, 54, 20, 34
2019/9/22, 47, 15, 33
2019/9/23, 35, 14, 34
2019/9/24, 39, 13, 31
2019/9/25, 33, 16, 35
2019/9/26, 39, 18, 34
2019/9/27, 37, 14, 29
2019/9/28, 30, 8, 15
2019/9/29, 20, 16, 33
2019/9/30, 37, 16, 27
2019/4/1, 45, 24, 36
2019/4/2, 62, 20, 34
2019/4/3, 55, 18, 32
2019/4/4, 37, 19, 29
2019/4/5, 46, 22, 33
2019/4/6, 61, 38, 22
2019/4/7, 110, 40, 32
2019/4/8, 114, 38, 37
2019/4/9, 96, 23, 31
2019/4/10, 52, 23, 35
2019/4/11, 53, 22, 37
2019/4/12, 59, 19, 32
2019/4/13, 55, 23, 27
2019/4/14, 68, 38, 33
2019/4/15, 96, 52, 47
2019/4/16, 130, 52, 43
2019/4/17, 131, 48, 46
2019/4/18, 118, 38, 44
2019/4/19, 89, 35, 40
2019/4/20, 89, 37, 37
2019/4/21, 95, 50, 47
2019/4/22, 131, 42, 48
2019/4/23, 92, 34, 42
2019/4/24, 74, 16, 40
2019/4/25, 36, 18, 36
2019/4/26, 37, 14, 15
2019/4/27, 25, 12, 12
2019/4/28, 32, 23, 33
2019/4/29, 61, 29, 44
2019/4/30, 74, 24, 33
2019/5/1, 63, 12, 20
2019/5/2, 36, 18, 31
2019/5/3, 47, 12, 15
2019/5/4, 27, 15, 17
2019/5/5, 34, 10, 16
2019/5/6, 29, 23, 41
2019/5/7, 55, 19, 38
2019/5/8, 48, 18, 29
2019/5/9, 45, 19, 38
2019/5/10, 52, 20, 29
2019/5/11, 58, 16, 28
2019/5/12, 45, 17, 35
2019/5/13, 41, 17, 30
2019/5/14, 42, 29, 36
2019/5/15, 67, 22, 43
2019/5/16, 56, 22, 32
2019/5/17, 55, 22, 33
2019/5/18, 59, 21, 30
2019/5/19, 63, 16, 22
2019/5/20, 49, 11, 17
2019/5/21, 27, 17, 43
2019/5/22, 35, 18, 49
2019/5/23, 38, 15, 22
2019/5/24, 37, 10, 15
2019/5/25, 28, 10, 19
2019/5/26, 25, 11, 16
2019/5/27, 23, 9, 18
2019/5/28, 24, 17, 33
2019/5/29, 41, 14, 24
2019/5/30, 30, 13, 29
2019/5/31, 28, 16, 35
2019/6/1, 37, 14, 28
2019/6/2, 33, 17, 30
2019/6/3, 32, 20, 33
2019/6/4, 43, 16, 35
2019/6/5, 34, 17, 34
2019/6/6, 32, 15, 26
2019/6/7, 37, 15, 23
2019/6/8, 25, 21, 28
2019/6/9, 27, 9, 26
2019/6/10, 31, 14, 26
2019/6/11, 36, 17, 11
2019/6/12, 36, 16, 
2019/6/13, 41, 14, 
2019/6/14, 35, 14, 
2019/6/15, 34, 11, 
2019/6/16, 27, 15, 41
2019/6/17, 33, 20, 45
2019/6/18, 48, 19, 34
2019/6/19, 52, 14, 37
2019/6/20, 32, 14, 32
2019/6/21, 29, 21, 28
2019/6/22, 37, 26, 26
2019/6/23, 65, 32, 45
2019/6/24, 76, 23, 30
2019/6/25, 66, 17, 26
2019/6/26, 46, 17, 27
2019/6/27, 35, 23, 21
2019/6/28, 42, 29, 34
2019/6/29, 64, 13, 16
2019/6/30, 38, 10, 14
2019/1/1, 36, 13, 27
2019/1/2, 33, 17, 32
2019/1/3, 47, 25, 28
2019/1/4, 75, 19, 23
2019/1/5, 65, 20, 26
2019/1/6, 58, 17, 32
2019/1/7, 50, 13, 16
2019/1/8, 34, 10, 21
2019/1/9, 31, 26, 31
2019/1/10, 77, 18, 27
2019/1/11, 60, 10, 26
2019/1/12, 31, 8, 14
2019/1/13, 23, 10, 21
2019/1/14, 32, 13, 42
2019/1/15, 49, 11, 37
2019/1/16, 39, 10, 23
2019/1/17, 36, 21, 46
2019/1/18, 55, 21, 31
2019/1/19, 60, 31, 34
2019/1/20, 92, 37, 43
2019/1/21, 103, 14, 38
2019/1/22, 44, 15, 27
2019/1/23, 55, 29, 47
2019/1/24, 90, 20, 37
2019/1/25, 69, 12, 33
2019/1/26, 38, 8, 10
2019/1/27, 23, 14, 23
2019/1/28, 34, 25, 45
2019/1/29, 55, 16, 34
2019/1/30, 51, 32, 47
2019/1/31, 86, 16, 34
2019/2/1, 56, 12, 15
2019/2/2, 46, 21, 33
2019/2/3, 51, 14, 37
2019/2/4, 43, 18, 37
2019/2/5, 57, 16, 39
2019/2/6, 47, 12, 31
2019/2/7, 33, 9, 33
2019/2/8, 31, 11, 29
2019/2/9, 31, 8, 24
2019/2/10, 28, 10, 30
2019/2/11, 36, 18, 43
2019/2/12, 55, 23, 42
2019/2/13, 63, 34, 51
2019/2/14, 93, 43, 56
2019/2/15, 111, 31, 42
2019/2/16, 86, 32, 36
2019/2/17, 73, 21, 40
2019/2/18, 48, 26, 39
2019/2/19, 44, 22, 37
2019/2/20, 46, 27, 40
2019/2/21, 62, 40, 43
2019/2/22, 93, 41, 40
2019/2/23, 104, 44, 41
2019/2/24, 119, 51, 55
2019/2/25, 125, 56, 61
2019/2/26, 132, 57, 59
2019/2/27, 140, 31, 37
2019/2/28, 82, 28, 
2019/3/1, 70, 20, 
2019/3/2, 44, 13, 
2019/3/3, 31, 16, 
2019/3/4, 30, 18, 
2019/3/5, 34, 18, 
2019/3/6, 44, 12, 
2019/3/7, 22, , 
2019/3/14, 47, 9, 
2019/3/15, 22, 11, 
2019/3/16, 26, 8, 
2019/3/17, 18, 17, 
2019/3/18, 35, 23, 
2019/3/19, 57, 20, 
2019/3/20, 48, 21, 22
2019/3/21, 55, 20, 25
2019/3/22, 57, 21, 28
2019/3/23, 56, 17, 19
2019/3/24, 41, 17, 20
2019/3/25, 37, 25, 34
2019/3/26, 55, 18, 29
2019/3/27, 46, 28, 49
2019/3/28, 68, 39, 57
2019/3/29, 94, 46, 41
2019/3/30, 120, 26, 25
2019/3/31, 61, 24, 32
2018/10/1, 22, 12, 17
2018/10/2, 31, 15, 22
2018/10/3, 42, 20, 28
2018/10/4, 57, 30, 37
2018/10/5, 74, 14, 53
2018/10/6, 44, 13, 20
2018/10/7, 35, 16, 25
2018/10/8, 43, 23, 53
2018/10/9, 58, 40, 45
2018/10/10, 108, 18, 32
2018/10/11, 52, 18, 34
2018/10/12, 41, 19, 33
2018/10/13, 45, 8, 18
2018/10/14, 28, 17, 29
2018/10/15, 46, 27, 42
2018/10/16, 68, 18, 38
2018/10/17, 48, 20, 35
2018/10/18, 50, 24, 39
2018/10/19, 63, 35, 49
2018/10/20, 87, 21, 30
2018/10/21, 60, 17, 27
2018/10/22, 38, 18, 29
2018/10/23, 42, 15, 23
2018/10/24, 43, 17, 26
2018/10/25, 49, 10, 22
2018/10/26, 28, 8, 16
2018/10/27, 29, 10, 23
2018/10/28, 30, 12, 27
2018/10/29, 33, 12, 21
2018/10/30, 36, 25, 49
2018/10/31, 63, 19, 40
2018/11/1, 60, 25, 49
2018/11/2, 64, 23, 50
2018/11/3, 59, 23, 35
2018/11/4, 65, 43, 36
2018/11/5, 110, 27, 39
2018/11/6, 72, 15, 33
2018/11/7, 38, 19, 43
2018/11/8, 44, 19, 37
2018/11/9, 46, 19, 48
2018/11/10, 47, 14, 40
2018/11/11, 37, 17, 49
2018/11/12, 46, 16, 48
2018/11/13, 46, 20, 46
2018/11/14, 57, 29, 43
2018/11/15, 73, 20, 28
2018/11/16, 64, 25, 29
2018/11/17, 78, 20, 29
2018/11/18, 61, 13, 31
2018/11/19, 39, 16, 33
2018/11/20, 53, 27, 37
2018/11/21, 79, 45, 38
2018/11/22, 121, 39, 34
2018/11/23, 102, 29, 30
2018/11/24, 81, 26, 27
2018/11/25, 71, 15, 24
2018/11/26, 49, 19, 35
2018/11/27, 59, 11, 36
2018/11/28, 39, 14, 34
2018/11/29, 40, 21, 42
2018/11/30, 43, 16, 35
2018/12/1, 44, 10, 27
2018/12/2, 36, 15, 28
2018/12/3, 37, 23, 42
2018/12/4, 59, 17, 35
2018/12/5, 46, 13, 35
2018/12/6, 33, 13, 30
2018/12/7, 32, 15, 27
2018/12/8, 34, 9, 16
2018/12/9, 26, 14, 31
2018/12/10, 35, 30, 47
2018/12/11, 71, 22, 33
2018/12/12, 59, 22, 33
2018/12/13, 63, 32, 36
2018/12/14, 81, 22, 26
2018/12/15, 66, 16, 39
2018/12/16, 39, 24, 40
2018/12/17, 51, 16, 29
2018/12/18, 36, 15, 42
2018/12/19, 42, 17, 40
2018/12/20, 43, 19, 32
2018/12/21, 42, 17, 35
2018/12/22, 41, 12, 28
2018/12/23, 38, 23, 35
2018/12/24, 64, 26, 37
2018/12/25, 75, 18, 31
2018/12/26, 59, 38, 41
2018/12/27, 110, 30, 35
2018/12/28, 87, 15, 30
2018/12/29, 45, 12, 26
2018/12/30, 45, , 
2018/9/27, 64, 17, 48
2018/9/28, 40, 30, 29
2018/9/29, 56, 15, 43
2018/9/30, 44, 10, 19
2018/4/1, 51, 12, 37
2018/4/2, 44, 14, 40
2018/4/3, 43, 12, 38
2018/4/4, 36, 12, 33
2018/4/5, 35, 21, 43
2018/4/6, 57, 27, 44
2018/4/7, 78, 19, 36
2018/4/8, 65, 20, 38
2018/4/9, 71, 34, 46
2018/4/10, 87, 41, 30
2018/4/11, 107, 31, 27
2018/4/12, 86, 30, 40
2018/4/13, 77, 42, 41
2018/4/14, 108, 30, 37
2018/4/15, 80, 23, 45
2018/4/16, 46, 24, 46
2018/4/17, 51, 33, 51
2018/4/18, 90, 57, 68
2018/4/19, 138, 41, 40
2018/4/23, 42, 17, 37
2018/4/24, 45, 13, 31
2018/4/25, 37, 14, 39
2018/4/26, 40, 16, 45
2018/4/27, 51, 10, 20
2018/4/28, 39, 9, 16
2018/4/29, 35, 10, 19
2018/4/30, 34, 16, 46
2018/5/1, 47, 11, 35
2018/5/2, 34, 17, 39
2018/5/3, 53, 25, 45
2018/5/4, 67, 31, 53
2018/5/5, 89, 34, 46
2018/5/6, 99, 41, 55
2018/5/7, 118, 45, 54
2018/5/8, 148, 11, 38
2018/5/9, 26, 11, 27
2018/5/10, 41, 16, 46
2018/5/11, 44, 12, 45
2018/5/12, 53, 15, 26
2018/5/13, 48, 11, 25
2018/5/14, 25, 16, 30
2018/5/15, 36, 16, 24
2018/5/16, 46, 20, 31
2018/5/17, 42, 21, 37
2018/5/18, 50, 31, 40
2018/5/19, 65, 32, 35
2018/5/20, 76, 41, 48
2018/5/21, 104, 29, 27
2018/5/22, 47, 23, 26
2018/5/23, 40, 40, 38
2018/5/24, 63, 42, 41
2018/5/25, 53, 57, 40
2018/1/1, 24, 11, 41
2018/1/2, 35, 12, 29
2018/1/3, 34, 11, 42
2018/1/4, 32, 13, 51
2018/1/5, 36, 17, 38
2018/1/6, 57, 10, 29
2018/1/7, 31, 14, 29
2018/1/8, 49, 24, 41
2018/1/9, 78, 15, 50
2018/1/10, 53, 17, 30
2018/1/11, 64, 20, 41
2018/1/12, 66, 17, 33
2018/1/13, 62, 24, 40
2018/1/14, 73, 11, 43
2018/1/15, 31, 11, 50
2018/1/16, 31, 11, 43
2018/1/17, 30, 10, 37
2018/1/18, 25, 16, 61
2018/1/19, 42, 12, 52
2018/1/20, 42, 15, 46
2018/1/21, 53, 14, 42
2018/1/22, 31, 13, 54
2018/1/23, 34, 9, 55
2018/1/24, 23, 19, 66
2018/1/25, 46, 16, 42
2018/1/26, 50, 15, 57
2018/1/27, 49, 7, 41
2018/1/28, 22, 9, 41
2018/1/29, 28, 20, 67
2018/1/30, 54, 10, 53
2018/1/31, 32, 8, 29
2018/2/1, 22, 11, 29
2018/2/2, 31, 16, 56
2018/2/3, 60, 10, 35
2018/2/4, 35, 16, 51
2018/2/5, 48, 18, 42
2018/2/6, 62, 14, 39
2018/2/7, 43, 7, 76
2018/2/8, 23, 2, 34
2018/2/9, 6, , 63
2018/2/16, 62, 28, 60
2018/2/17, 66, 24, 58
2018/2/18, 59, 15, 41
2018/2/19, 52, 10, 27
2018/2/20, 33, 40, 42
2018/2/21, 104, 32, 49
2018/2/22, 80, 28, 47
2018/2/23, 70, 28, 39
2018/2/24, 74, 16, 36
2018/2/25, 45, 19, 43
2018/2/26, 42, 21, 51
2018/2/27, 46, 22, 52
2018/2/28, 69, 31, 35
2018/3/1, 86, 35, 36
2018/3/2, 101, 51, 38
2018/3/3, 144, 21, 50
2018/3/4, 69, 18, 56
2018/3/5, 49, 22, 71
2018/3/6, 56, 19, 59
2018/3/7, 58, 12, 51
2018/3/8, 35, 20, 59
2018/3/9, 58, 18, 52
2018/3/10, 56, 18, 47
2018/3/11, 58, 10, 35
2018/3/12, 41, 15, 42
2018/3/13, 48, 15, 45
2018/3/14, 47, 17, 55
2018/3/15, 48, 23, 54
2018/3/16, 55, 22, 28
2018/3/17, 57, 30, 28
2018/3/18, 67, 34, 34
2018/3/19, 54, 25, 31
2018/3/20, 38, 25, 39
2018/3/21, 55, 25, 41
2018/3/22, 48, 30, 47
2018/3/23, 45, 38, 38
2018/3/24, 82, 35, 33
2018/3/25, 81, 16, 37
2018/3/26, 34, 15, 34
2018/3/27, 32, 14, 44
2018/3/28, 41, 22, 53
2018/3/29, 45, 15, 39
2018/3/30, 47, 11, 26
2018/3/31, 44, 14, 25
2017/10/1, 38, 15, 27
2017/10/2, 42, 12, 28
2017/10/3, 37, 13, 39
2017/10/4, 41, 8, 16
2017/10/5, 27, 11, 27
2017/10/6, 32, 10, 27
2017/10/7, 32, 11, 22
2017/10/8, 36, 19, 46
2017/10/9, 59, 15, 42
2017/10/10, 51, 14, 37
2017/10/11, 39, 21, 43
2017/10/12, 52, 21, 40
2017/10/13, 61, 24, 39
2017/10/14, 70, 29, 42
2017/10/15, 82, 31, 39
2017/10/16, 74, 22, 42
2017/10/17, 52, 36, 39
2017/10/18, 85, 29, 38
2017/10/19, 80, 15, 36
2017/10/20, 41, 14, 33
2017/10/21, 37, 8, 22
2017/10/22, 26, 19, 43
2017/10/23, 54, 18, 38
2017/10/24, 57, 16, 38
2017/10/25, 53, 16, 33
2017/10/26, 58, 15, 29
2017/10/27, 47, 17, 33
2017/10/28, 52, 10, 19
2017/10/29, 32, 18, 35
2017/10/30, 49, 20, 48
2017/10/31, 60, 24, 60
2017/11/1, 71, 30, 38
2017/11/2, 87, 36, 58
2017/11/3, 99, 21, 31
2017/11/4, 66, 20, 24
2017/11/5, 63, 30, 47
2017/11/6, 83, 17, 39
2017/11/7, 48, 12, 27
2017/11/8, 38, 22, 42
2017/11/9, 59, 15, 30
2017/11/10, 38, 14, 36
2017/11/11, 49, 8, 14
2017/11/12, 28, 11, 25
2017/11/13, 37, 19, 42
2017/11/14, 53, 22, 42
2017/11/15, 63, 18, 42
2017/11/16, 54, 19, 40
2017/11/17, 53, 15, 37
2017/11/18, 51, 15, 35
2017/11/19, 43, 15, 41
2017/11/20, 46, 19, 45
2017/11/21, 50, 20, 43
2017/11/22, 55, 16, 46
2017/11/23, 39, 19, 39
2017/11/24, 50, 17, 37
2017/11/25, 50, 14, 34
2017/11/26, 35, 12, 37
2017/11/27, 34, 12, 30
2017/11/28, 34, 9, 20
2017/11/29, 30, 9, 21
2017/11/30, 31, 11, 26
2017/12/1, 33, 21, 42
2017/12/2, 63, 14, 27
2017/12/3, 50, 17, 36
2017/12/4, 45, 16, 46
2017/12/5, 50, 18, 56
2017/12/6, 49, 13, 36
2017/12/7, 36, 8, 26
2017/12/8, 22, 18, 45
2017/12/9, 47, 13, 35
2017/12/10, 41, 12, 30
2017/12/11, 39, 26, 53
2017/12/12, 73, 14, 47
2017/12/13, 40, 17, 50
2017/12/14, 46, 11, 29
2017/12/15, 34, 14, 31
2017/12/16, 41, 16, 37
2017/12/17, 55, 18, 37
2017/12/18, 53, 31, 53
2017/12/19, 88, 19, 43
2017/12/20, 68, 16, 41
2017/12/21, 59, 14, 36
2017/12/22, 53, 9, 31
2017/12/23, 37, 5, 27
2017/12/24, 21, 7, 17
2017/12/25, 27, 6, 28
2017/12/26, 20, 4, 18
2017/12/27, 14, 14, 42
2017/12/28, 46, 9, 43
2017/12/29, 33, 12, 36
2017/12/30, 40, 8, 38
2017/12/31, 23, 8, 33
2017/7/1, 37, 11, 18
2017/7/2, 27, 13, 29
2017/7/3, 36, 17, 43
2017/7/4, 47, 22, 44
2017/7/5, 57, 34, 53
2017/7/6, 84, 11, 30
2017/7/7, 10, 14, 24
2017/7/8, 49, 22, 50
2017/7/9, 58, 15, 29
2017/7/10, 43, 16, 41
2017/7/11, 42, 13, 28
2017/7/12, 32, 23, 52
2017/7/13, 51, 12, 19
2017/7/14, 31, 16, 31
2017/7/15, 45, 10, 17
2017/7/16, 29, 20, 33
2017/7/17, 34, 28, 36
2017/7/18, 50, 25, 44
2017/7/19, 65, 16, 30
2017/7/20, 39, 20, 36
2017/7/21, 49, 15, 40
2017/7/22, 42, 14, 29
2017/7/23, 40, 9, 14
2017/7/24, 28, 15, 24
2017/7/25, 46, 19, 40
2017/7/26, 51, 20, 35
2017/7/27, 45, 17, 33
2017/7/28, 41, 17, 39
2017/7/29, 45, 10, 27
2017/7/30, 27, 18, 34
2017/7/31, 42, 16, 36
2017/8/1, 39, 15, 34
2017/8/2, 37, 18, 32
2017/8/3, 40, 15, 36
2017/8/4, 37, 11, 22
2017/8/5, 33, 15, 34
2017/8/6, 41, 16, 37
2017/8/7, 41, 11, 22
2017/8/8, 36, 9, 22
2017/8/9, 26, 17, 29
2017/8/10, 39, 19, 39
2017/8/11, 52, 8, 18
2017/8/12, 25, 13, 25
2017/8/13, 36, 22, 52
2017/8/14, 54, 14, 29
2017/8/15, 40, 20, 42
2017/8/16, 47, 18, 36
2017/8/17, 50, 14, 32
2017/8/18, 33, 11, 24
2017/8/19, 25, 14, 30
2017/8/20, 31, 17, 33
2017/8/21, 49, 35, 36
2017/8/22, 87, 26, 37
2017/8/23, 72, 15, 32
2017/8/24, 42, 31, 47
2017/8/25, 66, 24, 37
2017/8/26, 68, 24, 32
2017/8/27, 73, 43, 49
2017/8/28, 111, 28, 35
2017/8/29, 77, 10, 24
2017/8/30, 14, 17, 40
2017/8/31, 46, 17, 31
2017/9/1, 52, 20, 39
2017/9/2, 57, 15, 29
2017/9/3, 41, 6, 38
2017/9/4, 21, , 33
2017/9/10, 32, 12, 28
2017/9/11, 33, 12, 29
2017/9/12, 33, 11, 28
2017/9/13, 27, 9, 27
2017/9/14, 26, 11, 28
2017/9/15, 35, 10, 23
2017/9/16, 36, 9, 22
2017/9/17, 34, 11, 22
2017/9/18, 33, 15, 34
2017/9/19, 47, 23, 53
2017/9/20, 61, 20, 52
2017/9/21, 55, 18, 47
2017/9/22, 54, 18, 42
2017/9/23, 53, 27, 39
2017/9/24, 80, 41, 44
2017/9/25, 114, 36, 40
2017/9/26, 100, 44, 47
2017/9/27, 126, 20, 52
2017/9/28, 59, 23, 49
2017/9/29, 62, 17, 47
2017/9/30, 48, 11, 30
2017/4/1, 45, 15, 26
2017/4/2, 46, 27, 55
2017/4/3, 71, 20, 29
2017/4/4, 58, 14, 21
2017/4/5, 35, 24, 40
2017/4/6, 59, 24, 38
2017/4/7, 67, 41, 67
2017/4/8, 97, 37, 46
2017/4/9, 91, 14, 15
2017/4/10, 35, 14, 28
2017/4/11, 33, 15, 29
2017/4/12, 38, 11, 21
2017/4/13, 27, 13, 32
2017/4/14, 36, 8, 13
2017/4/15, 23, 9, 19
2017/4/16, 24, 10, 23
2017/4/17, 26, 14, 33
2017/4/18, 30, 23, 55
2017/4/19, 53, 22, 46
2017/4/20, 55, 20, 27
2017/4/21, 52, 16, 27
2017/4/22, 47, 18, 31
2017/4/23, 45, 18, 30
2017/4/24, 48, 10, 18
2017/4/25, 25, 13, 26
2017/4/26, 36, 16, 34
2017/4/27, 46, 17, 28
2017/4/28, 50, 21, 46
2017/4/29, 54, 22, 28
2017/4/30, 57, 12, 29
2017/5/1, 29, 27, 34
2017/5/2, 61, 25, 29
2017/5/3, 60, 29, 36
2017/5/4, 66, 21, 36
2017/5/5, 45, 28, 27
2017/5/6, 78, 21, 18
2017/5/7, 62, 21, 24
2017/5/8, 46, 22, 34
2017/5/9, 48, 25, 42
2017/5/10, 53, 42, 52
2017/5/11, 97, 27, 48
2017/5/12, 71, 22, 48
2017/5/13, 59, 15, 32
2017/5/14, 37, 19, 46
2017/5/15, 47, 19, 40
2017/5/16, 49, 17, 36
2017/5/17, 50, 15, 34
2017/5/18, 44, 12, 31
2017/5/19, 37, 16, 47
2017/5/20, 43, 17, 42
2017/5/21, 42, 26, 51
2017/5/22, 64, 16, 31
2017/5/23, 42, 20, 43
2017/5/24, 57, 24, 54
2017/5/25, 62, 26, 48
2017/5/26, 59, 22, 47
2017/5/27, 56, 16, 36
2017/5/28, 47, 21, 37
2017/5/29, 53, 13, 34
2017/5/30, 38, 17, 38
2017/5/31, 48, 21, 51
2017/6/1, 57, 25, 49
2017/6/2, 68, 12, 24
2017/6/3, 33, 13, 32
2017/6/4, 29, 17, 39
2017/6/5, 38, 11, 31
2017/6/6, 31, 13, 33
2017/6/7, 30, 18, 45
2017/6/8, 47, 18, 38
2017/6/9, 43, 18, 32
2017/6/10, 44, 14, 26
2017/6/11, 38, 14, 27
2017/6/12, 32, 19, 32
2017/6/13, 49, 25, 44
2017/6/14, 59, 22, 35
2017/6/15, 51, 16, 21
2017/6/16, 40, 21, 30
2017/6/17, 59, 27, 44
2017/6/18, 74, 33, 62
2017/6/19, 85, 33, 55
2017/6/20, 83, 38, 57
2017/6/21, 85, 19, 34
2017/6/22, 36, 15, 33
2017/6/23, 33, 14, 33
2017/6/24, 40, 10, 22
2017/6/25, 26, 16, 34
2017/6/26, 38, 26, 42
2017/6/27, 59, 12, 21
2017/6/28, 42, 12, 31
2017/6/29, 36, 11, 21
2017/6/30, 33, 13, 20
2017/1/2, 25, 20, 44
2017/1/3, 51, 15, 32
2017/1/4, 30, 32, 54
2017/1/5, 64, 40, 72
2017/1/6, 88, 14, 34
2017/1/7, 49, 21, 41
2017/1/8, 66, 17, 45
2017/1/9, 54, 19, 39
2017/1/10, 43, 16, 30
2017/1/11, 37, 16, 40
2017/1/12, 37, 10, 22
2017/1/13, 23, 12, 32
2017/1/14, 35, 10, 31
2017/1/15, 38, 22, 50
2017/1/16, 67, 33, 58
2017/1/17, 84, 43, 71
2017/1/18, 102, 43, 61
2017/1/19, 109, 38, 58
2017/1/20, 86, 41, 52
2017/1/21, 91, 57, 63
2017/1/22, 153, 66, 68
2017/1/23, 167, 46, 66
2017/1/24, 130, 38, 62
2017/1/25, 107, 53, 43
2017/1/26, 126, 46, 46
2017/1/27, 119, 25, 44
2017/1/28, 54, 14, 41
2017/1/29, 36, 19, 35
2017/1/30, 52, 24, 37
2017/1/31, 66, 20, 42
2017/2/1, 57, 20, 37
2017/2/2, 49, 23, 47
2017/2/3, 40, 28, 64
2017/2/4, 57, 20, 38
2017/2/5, 59, 35, 52
2017/2/6, 82, 22, 49
2017/2/7, 50, 31, 42
2017/2/8, 79, 38, 52
2017/2/9, 94, 40, 41
2017/2/10, 110, 35, 32
2017/2/11, 103, 41, 35
2017/2/12, 116, 49, 33
2017/2/13, 123, 41, 42
2017/2/14, 93, 27, 48
2017/2/15, 73, 26, 49
2017/2/16, 53, 30, 49
2017/2/17, 69, 30, 48
2017/2/18, 80, 20, 40
2017/2/19, 55, 18, 33
2017/2/20, 50, 13, 35
2017/2/21, 43, 12, 35
2017/2/22, 35, 11, 23
2017/2/23, 23, 15, 35
2017/2/24, 31, 18, 39
2017/2/25, 38, 11, 32
2017/2/26, 24, 11, 41
2017/2/27, 33, 14, 37
2017/2/28, 32, 22, 49
2017/3/1, 44, 21, 42
2017/3/2, 38, 29, 45
2017/3/3, 55, 18, 44
2017/3/4, 36, 11, 31
2017/3/5, 26, 14, 29
2017/3/6, 32, 16, 40
2017/3/7, 38, 16, 45
2017/3/8, 37, 14, 37
2017/3/9, 33, 24, 54
2017/3/10, 59, 31, 49
2017/3/11, 79, 25, 36
2017/3/12, 73, 15, 30
2017/3/13, 35, 17, 38
2017/3/14, 47, 25, 48
2017/3/15, 64, 26, 42
2017/3/16, 70, 13, 35
2017/3/17, 34, 10, 28
2017/3/18, 35, 11, 26
2017/3/19, 27, 15, 39
2017/3/20, 37, 17, 37
2017/3/21, 36, 20, 42
2017/3/22, 46, 28, 41
2017/3/23, 72, 33, 37
2017/3/24, 81, 19, 39
2017/3/25, 51, 14, 31
2017/3/26, 33, 40, 38
2017/3/27, 102, 40, 44
2017/3/28, 99, 21, 45
2017/3/29, 49, 24, 55
2017/3/30, 56, 22, 56
2017/3/31, 53, 18, 48
2016/10/4, 61, 22, 36
2016/10/5, 46, 20, 34
2016/10/6, 47, 23, 43
2016/10/7, 56, 15, 45
2016/10/8, 42, 12, 30
2016/10/9, 35, 12, 28
2016/10/10, 36, 21, 29
2016/10/11, 56, 19, 41
2016/10/12, 51, 23, 36
2016/10/13, 61, 29, 35
2016/10/14, 73, 29, 38
2016/10/15, 72, 18, 50
2016/10/16, 42, 22, 39
2016/10/17, 49, 13, 56
2016/10/18, 32, 9, 35
2016/10/19, 26, 12, 24
2016/10/20, 28, 14, 26
2016/10/21, 36, 18, 26
2016/10/22, 52, 21, 33
2016/10/23, 62, 31, 32
2016/10/24, 77, 41, 43
2016/10/25, 99, 28, 51
2016/10/26, 75, 23, 50
2016/10/27, 63, 19, 51
2016/10/28, 56, 35, 42
2016/10/29, 86, 46, 54
2016/10/30, 124, 51, 49
2016/10/31, 122, 34, 50
2016/11/1, 89, 17, 42
2016/11/2, 44, 34, 33
2016/11/3, 84, 21, 59
2016/11/4, 60, 19, 49
2016/11/5, 53, 14, 24
2016/11/6, 47, 11, 14
2016/11/7, 30, 24, 23
2016/11/8, 63, 12, 45
2016/11/9, 40, 15, 34
2016/11/10, 38, 28, 38
2016/11/11, 67, 21, 44
2016/11/12, 60, 15, 44
2016/11/13, 44, 28, 28
2016/11/14, 69, 19, 51
2016/11/15, 55, 16, 34
2016/11/16, 43, 21, 41
2016/11/17, 48, 17, 50
2016/11/18, 48, 19, 52
2016/11/19, 52, 12, 49
2016/11/20, 38, 16, 29
2016/11/21, 44, 19, 39
2016/11/22, 43, 25, 45
2016/11/23, 60, 20, 43
2016/11/24, 41, 21, 41
2016/11/25, 47, 22, 46
2016/11/26, 59, 19, 37
2016/11/27, 51, 23, 36
2016/11/28, 44, 36, 44
2016/11/29, 78, 45, 56
2016/11/30, 105, 20, 58
2016/12/1, 63, 16, 49
2016/12/2, 52, 13, 44
2016/12/3, 30, 13, 41
2016/12/4, 32, 13, 42
2016/12/5, 49, , 48
2016/12/7, 86, 30, 47
2016/12/8, 78, 35, 44
2016/12/9, 80, 23, 42
2016/12/10, 62, 21, 37
2016/12/11, 52, 29, 38
2016/12/12, 66, 25, 42
2016/12/13, 64, 37, 47
2016/12/14, 78, 40, 44
2016/12/15, 91, 47, 40
2016/12/16, 109, 32, 37
2016/12/17, 90, 25, 39
2016/12/18, 77, 35, 30
2016/12/19, 88, 35, 33
2016/12/20, 90, 26, 37
2016/12/21, 51, 27, 41
2016/12/22, 58, 16, 47
2016/12/23, 38, 21, 46
2016/12/24, 34, 9, 37
2016/12/25, 24, 13, 18
2016/12/26, 29, 34, 27
2016/12/27, 79, 48, 55
2016/12/28, 122, 43, 71
2016/12/29, 101, 32, 66
2016/12/30, 90, 21, 47
2016/12/31, 67, 15, 41
2017/1/1, 46, 13, 33
2016/7/1, 50, 15, 31
2016/7/2, 38, 18, 36
2016/7/3, 48, 20, 41
2016/7/4, 57, 12, 18
2016/7/5, 37, 14, 29
2016/7/6, 42, 25, 59
2016/7/7, 67, 19, 34
2016/7/8, 54, 20, 35
2016/7/9, 54, 16, 29
2016/7/10, 44, 19, 36
2016/7/11, 52, 16, 32
2016/7/12, 47, 12, 18
2016/7/13, 36, 12, 19
2016/7/14, 37, 18, 36
2016/7/15, 52, 12, 26
2016/7/16, 38, 11, 20
2016/7/17, 35, 20, 44
2016/7/18, 53, 29, 54
2016/7/19, 73, 30, 48
2016/7/20, 74, 17, 26
2016/7/21, 49, 31, 43
2016/7/22, 79, 26, 49
2016/7/23, 69, 15, 32
2016/7/24, 45, 14, 22
2016/7/25, 35, 18, 35
2016/7/26, 47, 19, 37
2016/7/27, 54, 18, 41
2016/7/28, 48, 17, 41
2016/7/29, 49, 14, 20
2016/7/30, 45, 10, 19
2016/7/31, 29, 17, 38
2016/8/1, 47, 20, 37
2016/8/2, 56, 17, 31
2016/8/3, 44, 16, 29
2016/8/4, 41, 16, 31
2016/8/5, 43, 17, 34
2016/8/6, 48, 15, 25
2016/8/7, 42, 14, 20
2016/8/8, 33, 17, 14
2016/8/9, 39, 15, 22
2016/8/10, 40, 16, 23
2016/8/11, 46, 21, 33
2016/8/12, 53, 14, 30
2016/8/13, 36, 16, 27
2016/8/14, 41, 20, 34
2016/8/15, 48, 22, 40
2016/8/16, 52, 31, 44
2016/8/17, 70, 31, 41
2016/8/18, 68, 32, 50
2016/8/19, 79, 24, 33
2016/8/20, 49, 14, 28
2016/8/21, 33, 22, 39
2016/8/22, 53, 28, 57
2016/8/23, 63, 37, 59
2016/8/24, 83, 33, 44
2016/8/25, 85, 19, 32
2016/8/26, 54, 28, 39
2016/8/27, 71, 17, 28
2016/8/28, 49, 14, 25
2016/8/29, 43, 26, 58
2016/8/30, 64, 20, 42
2016/8/31, 54, 22, 41
2016/9/1, 52, 21, 38
2016/9/2, 56, 18, 38
2016/9/3, 48, 13, 23
2016/9/4, 37, 22, 36
2016/9/5, 58, 31, 36
2016/9/6, 78, 33, 54
2016/9/7, 71, 32, 52
2016/9/8, 61, 26, 44
2016/9/9, 51, 22, 37
2016/9/10, 47, 23, 43
2016/9/11, 50, 27, 48
2016/9/12, 55, 40, 66
2016/9/13, 88, 30, 68
2016/9/14, 91, 31, 58
2016/9/15, 94, 26, 21
2016/9/16, 54, 11, 12
2016/9/17, 44, 13, 21
2016/9/18, 49, 13, 26
2016/9/19, 63, , 31
2016/9/20, 66, 69, 62
2016/9/21, 90, , 55
2016/4/1, 70, 26, 49
2016/4/2, 72, 27, 40
2016/4/3, 80, 23, 53
2016/4/4, 58, 19, 36
2016/4/5, 44, 15, 42
2016/4/6, 39, 16, 37
2016/4/7, 46, 21, 48
2016/4/8, 56, 15, 45
2016/4/9, 41, 17, 38
2016/4/10, 41, 37, 45
2016/4/11, 95, 22, 54
2016/4/12, 55, 21, 52
2016/4/13, 58, 26, 62
2016/4/14, 66, 15, 47
2016/4/15, 53, 8, 19
2016/4/16, 33, 13, 25
2016/4/17, 38, 19, 45
2016/4/18, 57, 17, 31
2016/4/19, 44, 25, 41
2016/4/20, 55, 29, 43
2016/4/21, 65, 24, 46
2016/4/22, 61, 13, 32
2016/4/23, 40, 12, 22
2016/4/24, 38, 13, 33
2016/4/25, 44, 9, 18
2016/4/26, 29, 16, 33
2016/4/27, 48, 19, 46
2016/4/28, 55, 15, 40
2016/4/29, 39, 10, 24
2016/4/30, 34, 16, 42
2016/5/1, 44, 14, 29
2016/5/2, 41, 15, 34
2016/5/3, 38, 26, 68
2016/5/4, 62, 31, 65
2016/5/5, 70, 38, 65
2016/5/6, 91, 38, 54
2016/5/7, 99, 24, 46
2016/5/8, 65, 30, 55
2016/5/9, 74, 29, 42
2016/5/10, 84, 34, 47
2016/5/11, 97, 34, 50
2016/5/12, 88, 25, 28
2016/5/13, 62, 16, 27
2016/5/14, 43, 20, 35
2016/5/15, 56, 21, 43
2016/5/16, 65, 19, 50
2016/5/17, 61, 16, 55
2016/5/18, 50, 19, 44
2016/5/19, 57, 18, 50
2016/5/20, 53, 16, 43
2016/5/21, 50, 11, 24
2016/5/22, 36, 11, 23
2016/5/23, 32, 15, 34
2016/5/24, 42, 17, 34
2016/5/25, 44, 24, 56
2016/5/26, 64, 27, 52
2016/5/27, 71, 27, 44
2016/5/28, 75, 17, 20
2016/5/29, 57, 11, 15
2016/5/30, 37, 9, 18
2016/5/31, 34, 9, 21
2016/6/1, 32, 11, 22
2016/6/2, 30, 15, 28
2016/6/3, 49, 21, 28
2016/6/4, 67, 24, 30
2016/6/5, 65, 26, 51
2016/6/6, 61, 36, 78
2016/6/7, 85, 29, 55
2016/6/8, 78, 32, 52
2016/6/9, 77, 33, 74
2016/6/10, 73, 29, 54
2016/6/11, 74, 20, 43
2016/6/12, 60, 15, 34
2016/6/13, 44, 19, 49
2016/6/14, 56, 20, 53
2016/6/15, 51, 22, 52
2016/6/16, 54, 21, 35
2016/6/17, 63, 15, 25
2016/6/18, 48, 19, 37
2016/6/19, 54, 13, 34
2016/6/20, 42, 18, 42
2016/6/21, 50, 24, 55
2016/6/22, 65, 24, 51
2016/6/23, 66, 20, 50
2016/6/24, 53, 14, 32
2016/6/25, 45, 13, 21
2016/6/26, 46, 11, 20
2016/6/27, 34, 21, 48
2016/6/28, 55, 21, 44
2016/6/29, 57, 20, 51
2016/6/30, 59, 17, 43
2016/1/4, 48, 28, 50
2016/1/5, 58, 34, 45
2016/1/6, 84, 14, 36
2016/1/7, 38, 26, 54
2016/1/8, 58, 15, 39
2016/1/9, 42, 15, 38
2016/1/10, 39, 17, 45
2016/1/11, 52, 13, 29
2016/1/12, 38, 22, 41
2016/1/13, 48, 11, 28
2016/1/14, 34, 12, 25
2016/1/15, 35, 24, 36
2016/1/16, 62, 20, 41
2016/1/17, 53, 32, 43
2016/1/18, 68, 50, 63
2016/1/19, 116, 59, 67
2016/1/20, 144, 52, 
2016/1/21, 104, 33, 53
2016/1/22, 74, 31, 47
2016/1/23, 64, 18, 35
2016/1/24, 54, 25, 40
2016/1/25, 54, 19, 41
2016/1/26, 43, 13, 36
2016/1/27, 40, 22, 46
2016/1/28, 49, 14, 36
2016/1/29, 38, 14, 33
2016/1/30, 40, 14, 36
2016/1/31, 40, 18, 31
2016/2/1, 45, 20, 35
2016/2/2, 43, 16, 32
2016/2/3, 41, 17, 36
2016/2/4, 46, 21, 44
2016/2/5, 51, 19, 26
2016/2/6, 46, 13, 29
2016/2/7, 30, 20, 30
2016/2/8, 41, 20, 39
2016/2/9, 45, 16, 32
2016/2/10, 42, 34, 56
2016/2/11, 80, 26, 45
2016/2/12, 66, 27, 36
2016/2/13, 80, 18, 24
2016/2/14, 51, 15, 24
2016/2/15, 40, 36, 50
2016/2/16, 71, 31, 53
2016/2/17, 66, 19, 34
2016/2/18, 51, 25, 52
2016/2/19, 57, 13, 36
2016/2/20, 38, 11, 29
2016/2/21, 33, 10, 27
2016/2/22, 31, 18, 31
2016/2/23, 47, 38, 56
2016/2/24, 90, 30, 41
2016/2/25, 81, 40, 53
2016/2/26, 98, 33, 36
2016/2/27, 88, 16, 34
2016/2/28, 49, 25, 45
2016/2/29, 57, 18, 39
2016/3/1, 50, 14, 32
2016/3/2, 37, 16, 30
2016/3/3, 39, 19, 42
2016/3/4, 48, 14, 18
2016/3/5, 49, 14, 21
2016/3/6, 45, 14, 19
2016/3/7, 42, 28, 51
2016/3/8, 69, 19, 42
2016/3/9, 58, 34, 33
2016/3/10, 94, 57, 50
2016/3/11, 153, 63, 44
2016/3/12, 161, 39, 35
2016/3/13, 108, 30, 38
2016/3/14, 81, 30, 39
2016/3/15, 82, 28, 37
2016/3/16, 76, 38, 46
2016/3/17, 102, 22, 40
2016/3/18, 67, 17, 37
2016/3/19, 52, 17, 31
2016/3/20, 48, 23, 28
2016/3/21, 66, 28, 45
2016/3/22, 78, 33, 40
2016/3/23, 93, 29, 55
2016/3/24, 81, 15, 33
2016/3/25, 42, 14, 33
2016/3/26, 40, 11, 29
2016/3/27, 27, 9, 26
2016/3/28, 28, 14, 44
2016/3/29, 36, 18, 46
2016/3/30, 45, 17, 37
2016/3/31, 51, 28, 61
2015/10/1, 66, 34, 47
2015/10/2, 84, 44, 45
2015/10/3, 119, 39, 51
2015/10/4, 106, 26, 39
2015/10/5, 71, 24, 42
2015/10/6, 61, 15, 31
2015/10/7, 40, 25, 41
2015/10/8, 60, 41, 53
2015/10/9, 97, 25, 42
2015/10/10, 66, 36, 38
2015/10/11, 92, 31, 31
2015/10/12, 77, 22, 30
2015/10/13, 58, 16, 28
2015/10/14, 44, 20, 29
2015/10/15, 60, 30, 26
2015/10/16, 77, 22, 26
2015/10/17, 57, 18, 24
2015/10/18, 56, 19, 32
2015/10/19, 49, 23, 38
2015/10/20, 62, 28, 51
2015/10/21, 76, 20, 45
2015/10/22, 51, 34, 74
2015/10/23, 74, 22, 66
2015/10/24, 59, 23, 58
2015/10/25, 60, 31, 43
2015/10/26, 77, 37, 37
2015/10/27, 91, 26, 50
2015/10/28, 68, 25, 47
2015/10/29, 62, 25, 43
2015/10/30, 59, 42, 34
2015/10/31, 107, 52, 41
2015/11/1, 142, 40, 39
2015/11/2, 109, 40, 39
2015/11/3, 97, 33, 48
2015/11/4, 87, 22, 49
2015/11/5, 64, 18, 39
2015/11/6, 54, 17, 33
2015/11/7, 49, 19, 35
2015/11/8, 54, 19, 34
2015/11/9, 42, 19, 36
2015/11/10, 47, 21, 43
2015/11/11, 52, 21, 49
2015/11/12, 51, 21, 40
2015/11/13, 46, 15, 39
2015/11/14, 45, 13, 25
2015/11/15, 33, 17, 39
2015/11/16, 40, 20, 36
2015/11/17, 49, 21, 37
2015/11/18, 45, 21, 41
2015/11/19, 53, 15, 36
2015/11/20, 38, 8, 14
2015/11/21, 26, 15, 28
2015/11/22, 50, 30, 45
2015/11/23, 71, 19, 39
2015/11/24, 50, 14, 31
2015/11/25, 39, 25, 40
2015/11/26, 63, 19, 42
2015/11/27, 53, 17, 41
2015/11/28, 43, 15, 31
2015/11/29, 38, 14, 38
2015/11/30, 38, 18, 45
2015/12/1, 46, 26, 53
2015/12/2, 57, 28, 46
2015/12/3, 65, 19, 46
2015/12/4, 50, 19, 35
2015/12/5, 41, 17, 36
2015/12/6, 45, 28, 41
2015/12/7, 63, 22, 47
2015/12/8, 57, 23, 52
2015/12/9, 53, 22, 48
2015/12/10, 51, 19, 45
2015/12/11, 49, 21, 42
2015/12/12, 49, 19, 36
2015/12/13, 52, 29, 42
2015/12/14, 73, 32, 42
2015/12/15, 82, 25, 49
2015/12/16, 60, 38, 45
2015/12/17, 73, 28, 50
2015/12/18, 62, 24, 34
2015/12/19, 55, 19, 35
2015/12/20, 44, 18, 43
2015/12/21, 43, 12, 32
2015/12/22, 34, 23, 40
2015/12/23, 46, 14, 28
2015/12/24, 30, 11, 22
2015/12/25, 24, 16, 18
2015/12/26, 40, 48, 31
2015/12/27, 79, 31, 27
2015/12/28, 64, 19, 37
2015/12/29, 50, 15, 25
2015/12/30, 40, , 
2016/1/1, 51, 11, 26
2016/1/2, 34, 14, 37
2016/1/3, 39, 22, 44
2015/7/1, 91, 28, 58
2015/7/2, 80, 12, 38
2015/7/3, 59, , 
2015/7/17, 73, 22, 57
2015/7/18, 61, 20, 
2015/7/19, 63, 31, 
2015/7/20, 85, 25, 
2015/7/21, 72, 17, 34
2015/7/22, 41, 17, 37
2015/7/23, 43, 25, 58
2015/7/24, 68, 16, 18
2015/7/25, 51, 23, 47
2015/7/26, 63, 23, 40
2015/7/27, 55, , 33
2015/7/30, 56, , 58
2015/9/10, 73, 37, 43
2015/9/11, 84, 23, 37
2015/9/12, 59, 23, 35
2015/9/13, 55, 24, 36
2015/9/14, 55, 22, 39
2015/9/15, 53, 21, 36
2015/9/16, 51, 21, 35
2015/9/17, 60, 23, 33
2015/9/18, 57, 16, 26
2015/9/19, 57, 25, 42
2015/9/20, 78, 22, 29
2015/9/21, 66, 16, 63
2015/9/22, 47, 18, 45
2015/9/23, 48, 18, 40
2015/9/24, 51, 22, 35
2015/9/25, 58, 28, 42
2015/9/26, 68, 18, 36
2015/9/27, 51, 23, 38
2015/9/28, 56, 24, 40
2015/9/29, 58, 28, 41
2015/9/30, 62, 26, 42
2015/4/9, 142, 59, 65
2015/4/10, 133, 20, 32
2015/4/11, 44, 19, 35
2015/4/12, 39, 25, 43
2015/4/13, 56, 27, 46
2015/4/14, 60, 34, 50
2015/4/15, 66, 26, 35
2015/4/16, 57, 21, 38
2015/4/17, 43, 22, 31
2015/4/18, 45, 22, 32
2015/4/19, 52, 31, 47
2015/4/20, 68, 31, 48
2015/4/21, 67, 27, 47
2015/4/22, 63, 29, 55
2015/4/23, 64, 48, 66
2015/4/24, 107, 21, 45
2015/4/25, 49, 18, 31
2015/4/26, 49, 20, 31
2015/4/27, 45, 18, 33
2015/4/28, 37, 22, 51
2015/4/29, 48, 19, 35
2015/4/30, 38, 23, 43
2015/5/1, 49, 24, 37
2015/5/2, 55, 17, 34
2015/5/3, 46, 17, 34
2015/5/4, 45, 25, 39
2015/5/5, 53, 23, 50
2015/5/6, 47, 23, 69
2015/5/7, 59, 32, 70
2015/5/8, 69, 14, 42
2015/5/9, 36, 24, 51
2015/5/10, 57, 22, 59
2015/5/11, 57, 18, 46
2015/5/12, 41, 24, 56
2015/5/13, 54, 19, 49
2015/5/14, 55, 21, 45
2015/5/15, 53, 16, 25
2015/5/16, 46, 17, 35
2015/5/17, 44, 17, 43
2015/5/18, 42, 13, 38
2015/5/19, 31, 10, 26
2015/5/20, 27, 25, 57
2015/5/21, 61, 23, 44
2015/5/22, 57, 19, 28
2015/5/23, 51, 16, 29
2015/5/24, 47, 15, 12
2015/5/25, 42, 14, 15
2015/5/26, 41, 19, 42
2015/5/27, 46, 14, 30
2015/5/28, 39, 17, 42
2015/5/29, 43, 17, 37
2015/5/30, 43, 13, 29
2015/5/31, 36, 21, 39
2015/6/1, 44, 18, 38
2015/6/2, 43, 17, 35
2015/6/3, 45, 29, 63
2015/6/4, 63, 34, 61
2015/6/5, 74, 15, 30
2015/6/6, 32, 16, 20
2015/6/7, 40, 20, 36
2015/6/8, 50, 18, 32
2015/6/9, 45, 21, 49
2015/6/10, 51, 28, 50
2015/6/11, 62, 41, 63
2015/6/12, 95, 25, 38
2015/6/13, 70, 19, 23
2015/6/14, 58, 13, 36
2015/6/15, 47, 19, 50
2015/6/16, 61, 19, 38
2015/6/17, 53, 15, 15
2015/6/18, 42, 16, 16
2015/6/19, 44, 25, 41
2015/6/20, 65, 13, 22
2015/6/21, 37, 13, 27
2015/6/22, 37, 14, 25
2015/6/23, 42, 24, 72
2015/6/24, 60, 23, 67
2015/6/25, 64, 24, 72
2015/6/26, 62, 17, 29
2015/6/27, 43, 19, 41
2015/6/28, 52, 23, 50
2015/6/29, 52, 29, 70
2015/6/30, 64, 41, 71
2021/12/28, , 8, 21
2021/7/31, , 11, 19
2021/8/7, , 11, 22
2021/4/11, , 12, 22
2021/5/2, , 19, 14
2020/10/11, , 12, 22
2020/9/7, , 10, 11
2019/12/31, , 33, 30
2019/12/3, , 38, 49
2018/12/31, , 12, 18
2019/3/13, , 21, 
2018/9/26, , 25, 73
2018/4/22, , 14, 32
2018/5/26, , 55, 31
2018/5/27, , 59, 28
2018/5/28, , 39, 27
2018/2/15, , 28, 69
2017/9/9, , 11, 26
2016/10/3, , 26, 52
2016/12/6, , 38, 55
2015/12/31, , 23, 34
2015/7/16, , 31, 70
2015/7/29, , 19, 24
2015/9/9, , 32, 44
2015/4/8, , 59, 64
2021/7/1, , , 29
2021/7/2, , , 23
2021/7/3, , , 17
2021/7/4, , , 17
2021/7/5, , , 19
2021/7/6, , , 21
2021/7/7, , , 16
2021/7/8, , , 20
2021/7/9, , , 20
2021/7/10, , , 17
2021/7/11, , , 16
2021/7/12, , , 18
2021/7/13, , , 10
2021/7/14, , , 7
2021/7/15, , , 9
2021/7/16, , , 15
2021/7/17, , , 18
2021/7/18, , , 17
2021/7/19, , , 25
2021/7/20, , , 27
2021/7/21, , , 29
2021/7/22, , , 33
2021/7/23, , , 16
2021/7/24, , , 17
2021/7/25, , , 14
2021/7/26, , , 16
2021/7/27, , , 16
2021/7/28, , , 33
2021/7/29, , , 22
2021/7/30, , , 17
2021/4/8, , , 25
2021/4/9, , , 20
2021/4/10, , , 14
2021/6/29, , , 8
2021/6/30, , , 15
2020/8/30, , , 29
2020/8/31, , , 19
2020/9/1, , , 23
2020/9/2, , , 11
2020/9/3, , , 13
2020/9/4, , , 8
2020/9/5, , , 9
2020/9/6, , , 14
2019/11/28, , , 32
2019/11/29, , , 39
2019/11/30, , , 25
2019/12/1, , , 34
2019/12/2, , , 47
2018/7/1, , , 27
2018/7/2, , , 39
2018/4/20, , , 43
2018/4/21, , , 33
2018/5/29, , , 44
2018/5/30, , , 45
2018/5/31, , , 48
2018/6/1, , , 31
2018/6/2, , , 36
2018/6/3, , , 30
2018/6/4, , , 32
2018/6/5, , , 34
2018/6/6, , , 44
2018/6/7, , , 35
2018/6/8, , , 32
2018/6/9, , , 26
2018/6/10, , , 33
2018/6/11, , , 29
2018/6/12, , , 44
2018/6/13, , , 29
2018/6/14, , , 32
2018/6/15, , , 33
2018/6/16, , , 27
2018/6/17, , , 29
2018/6/18, , , 27
2018/6/19, , , 24
2018/6/20, , , 12
2018/6/21, , , 27
2018/6/22, , , 23
2018/6/23, , , 31
2018/6/24, , , 42
2018/6/25, , , 40
2018/6/26, , , 32
2018/6/27, , , 33
2018/6/28, , , 29
2018/6/29, , , 28
2018/6/30, , , 27
2018/2/10, , , 29
2018/2/11, , , 62
2018/2/12, , , 53
2018/2/13, , , 63
2018/2/14, , , 61
2016/10/1, , , 20
2016/10/2, , , 20
2016/9/22, , , 56
2016/9/23, , , 51
2016/9/24, , , 34
2016/9/25, , , 50
2016/9/26, , , 45
2016/9/27, , , 41
2016/9/28, , , 37
2016/9/29, , , 48
2016/9/30, , , 43
2015/7/28, , , 28
2015/7/31, , , 27
2015/8/1, , , 30
2015/8/2, , , 36
2015/8/3, , , 33
2015/8/4, , , 38
2015/8/5, , , 33
2015/8/6, , , 22
2015/8/7, , , 20
2015/8/8, , , 26
2015/8/9, , , 15
2015/8/10, , , 25
2015/8/11, , , 33
2015/8/12, , , 22